CSV;OperatingPoint, measurementType, sysType, jetFlavor, etaMin, etaMax, ptMin, ptMax, discrMin, discrMax, formula 
0, fastsim, central, 0, -2.4, 2.4, 20, 800, 0, 1, "x<120 ? (x<60 ? (x<40 ? (x<30 ? (x<20 ? 0:0.938929) : (0.962334)) : (x<50 ? 0.967994:0.976844)) : (x<80 ? (x<70 ? 0.97524:0.969315) : (x<100 ? 0.972695:0.973057))) : (x<400 ? (x<260 ? (x<210 ? (x<160 ? 0.971672:0.995786) : (0.952996)) : (x<320 ? 1.01528:1.0092)) : (x<670 ? (x<500 ? 0.940714:1.18197) : (x<800 ? 0.959821:0)))" 
0, fastsim, central, 1, -2.4, 2.4, 20, 800, 0, 1, "x<120 ? (x<60 ? (x<40 ? (x<30 ? (x<20 ? 0:0.892894) : (0.930368)) : (x<50 ? 0.972929:0.949186)) : (x<80 ? (x<70 ? 1.0611:1.07519) : (x<100 ? 0.967775:0.954035))) : (x<400 ? (x<260 ? (x<210 ? (x<160 ? 1.07096:1.30711) : (1.03434)) : (x<320 ? 1.11795:1.13766)) : (x<670 ? (x<500 ? 1.21179:1.3453) : (x<800 ? 1.18154:0)))" 
0, fastsim, central, 2, -2.4, 2.4, 20, 800, 0, 1, "x<120 ? (x<60 ? (x<40 ? (x<30 ? (x<20 ? 0:1.07218) : (1.0746)) : (x<50 ? 1.04199:1.09721)) : (x<80 ? (x<70 ? 1.12808:0.976496) : (x<100 ? 1.16006:1.22072))) : (x<400 ? (x<260 ? (x<210 ? (x<160 ? 1.306:1.36342) : (1.6736)) : (x<320 ? 1.53292:1.73757)) : (x<670 ? (x<500 ? 1.73622:1.74237) : (x<800 ? 1.92846:0)))" 
0, fastsim, central, 0, -2.4, 2.4, 20, 800, 0, 1, "x<120 ? (x<60 ? (x<40 ? (x<30 ? (x<20 ? 0:0.957631) : (0.96211)) : (x<50 ? 0.967091:0.973019)) : (x<80 ? (x<70 ? 0.936551:0.991858) : (x<100 ? 0.981243:0.985038))) : (x<400 ? (x<260 ? (x<210 ? (x<160 ? 0.98685:0.996037) : (0.997696)) : (x<320 ? 1.01923:1.00943)) : (x<670 ? (x<500 ? 1.00718:0.993255) : (x<800 ? 0.968107:0)))" 
0, fastsim, central, 1, -2.4, 2.4, 20, 800, 0, 1, "x<120 ? (x<60 ? (x<40 ? (x<30 ? (x<20 ? 0:0.97193) : (0.858038)) : (x<50 ? 0.914323:0.821355)) : (x<80 ? (x<70 ? 1.04374:1.11164) : (x<100 ? 0.860479:0.998911))) : (x<400 ? (x<260 ? (x<210 ? (x<160 ? 1.12212:1.20578) : (1.34608)) : (x<320 ? 0.821739:1.39258)) : (x<670 ? (x<500 ? 1.57816:1.07376) : (x<800 ? 1.51111:0)))" 
0, fastsim, central, 2, -2.4, 2.4, 20, 800, 0, 1, "x<120 ? (x<60 ? (x<40 ? (x<30 ? (x<20 ? 0:1.03743) : (1.11138)) : (x<50 ? 1.08537:1.11783)) : (x<80 ? (x<70 ? 1.15979:0.95782) : (x<100 ? 1.13394:1.19797))) : (x<400 ? (x<260 ? (x<210 ? (x<160 ? 1.36717:1.24589) : (1.48787)) : (x<320 ? 1.90001:1.665)) : (x<670 ? (x<500 ? 1.53491:2.23248) : (x<800 ? 1.90118:0)))" 
0, fastsim, central, 0, -2.4, 2.4, 20, 800, 0, 1, "x<120 ? (x<60 ? (x<40 ? (x<30 ? (x<20 ? 0:0.942061) : (0.956356)) : (x<50 ? 0.968034:0.975043)) : (x<80 ? (x<70 ? 0.970147:0.978178) : (x<100 ? 0.976764:0.97612))) : (x<400 ? (x<260 ? (x<210 ? (x<160 ? 0.979819:0.988112) : (0.991088)) : (x<320 ? 0.98065:0.988319)) : (x<670 ? (x<500 ? 0.979983:1.03636) : (x<800 ? 1.0352:0)))" 
0, fastsim, central, 1, -2.4, 2.4, 20, 800, 0, 1, "x<120 ? (x<60 ? (x<40 ? (x<30 ? (x<20 ? 0:0.950748) : (0.949849)) : (x<50 ? 0.938877:0.971391)) : (x<80 ? (x<70 ? 0.965528:1.00488) : (x<100 ? 0.964912:0.980728))) : (x<400 ? (x<260 ? (x<210 ? (x<160 ? 0.990094:0.976327) : (1.03651)) : (x<320 ? 0.981463:1.22346)) : (x<670 ? (x<500 ? 1.36358:1.20663) : (x<800 ? 1.05301:0)))" 
0, fastsim, central, 2, -2.4, 2.4, 20, 800, 0, 1, "x<120 ? (x<60 ? (x<40 ? (x<30 ? (x<20 ? 0:1.13004) : (1.11698)) : (x<50 ? 1.14755:1.11092)) : (x<80 ? (x<70 ? 1.13376:1.1413) : (x<100 ? 1.13275:1.21952))) : (x<400 ? (x<260 ? (x<210 ? (x<160 ? 1.19277:1.43128) : (1.48745)) : (x<320 ? 1.65126:1.66369)) : (x<670 ? (x<500 ? 1.54388:1.67725) : (x<800 ? 1.85661:0)))" 
0, fastsim, central, 0, -2.4, 2.4, 20, 800, 0, 1, "x<120 ? (x<60 ? (x<40 ? (x<30 ? (x<20 ? 0:0.938511) : (0.953323)) : (x<50 ? 0.964478:0.967888)) : (x<80 ? (x<70 ? 0.969665:0.970618) : (x<100 ? 0.983048:0.972949))) : (x<400 ? (x<260 ? (x<210 ? (x<160 ? 0.985703:0.990364) : (0.99537)) : (x<320 ? 0.995934:1.00536)) : (x<670 ? (x<500 ? 1.00396:1.00853) : (x<800 ? 1.0096:0)))" 
0, fastsim, central, 1, -2.4, 2.4, 20, 800, 0, 1, "x<120 ? (x<60 ? (x<40 ? (x<30 ? (x<20 ? 0:0.97852) : (0.973301)) : (x<50 ? 0.955001:1.0039)) : (x<80 ? (x<70 ? 0.991866:0.951639) : (x<100 ? 0.96509:0.984155))) : (x<400 ? (x<260 ? (x<210 ? (x<160 ? 0.985254:1.04033) : (1.02276)) : (x<320 ? 1.01265:1.05781)) : (x<670 ? (x<500 ? 1.05512:1.13392) : (x<800 ? 1.18266:0)))" 
0, fastsim, central, 2, -2.4, 2.4, 20, 800, 0, 1, "x<120 ? (x<60 ? (x<40 ? (x<30 ? (x<20 ? 0:1.11101) : (1.12138)) : (x<50 ? 1.09799:1.15535)) : (x<80 ? (x<70 ? 1.19806:1.11432) : (x<100 ? 1.12226:1.19338))) : (x<400 ? (x<260 ? (x<210 ? (x<160 ? 1.18828:1.29034) : (1.31363)) : (x<320 ? 1.3051:1.30104)) : (x<670 ? (x<500 ? 1.53826:1.56031) : (x<800 ? 1.70555:0)))" 
0, fastsim, down, 0, -2.4, 2.4, 20, 800, 0, 1, "x<120 ? (x<60 ? (x<40 ? (x<30 ? (x<20 ? 0:0.930705) : (0.954009)) : (x<50 ? 0.958673:0.966151)) : (x<80 ? (x<70 ? 0.962786:0.954677) : (x<100 ? 0.959211:0.95335))) : (x<400 ? (x<260 ? (x<210 ? (x<160 ? 0.948401:0.95172) : (0.883099)) : (x<320 ? 0.921924:0.903121)) : (x<670 ? (x<500 ? 0.821817:1.0115) : (x<800 ? 0.717755:0)))" 
0, fastsim, down, 1, -2.4, 2.4, 20, 800, 0, 1, "x<120 ? (x<60 ? (x<40 ? (x<30 ? (x<20 ? 0:0.841283) : (0.868207)) : (x<50 ? 0.893618:0.856501)) : (x<80 ? (x<70 ? 0.939697:0.941252) : (x<100 ? 0.867852:0.837159))) : (x<400 ? (x<260 ? (x<210 ? (x<160 ? 0.960468:1.14592) : (0.879875)) : (x<320 ? 0.925458:0.92123)) : (x<670 ? (x<500 ? 0.920108:0.997221) : (x<800 ? 0.658607:0)))" 
0, fastsim, down, 2, -2.4, 2.4, 20, 800, 0, 1, "x<120 ? (x<60 ? (x<40 ? (x<30 ? (x<20 ? 0:1.01602) : (1.01399)) : (x<50 ? 0.970137:1.01311)) : (x<80 ? (x<70 ? 1.02996:0.881267) : (x<100 ? 1.07013:1.11393))) : (x<400 ? (x<260 ? (x<210 ? (x<160 ? 1.21568:1.26994) : (1.53304)) : (x<320 ? 1.40069:1.57944)) : (x<670 ? (x<500 ? 1.56105:1.55546) : (x<800 ? 1.60822:0)))" 
0, fastsim, down, 0, -2.4, 2.4, 20, 800, 0, 1, "x<120 ? (x<60 ? (x<40 ? (x<30 ? (x<20 ? 0:0.911633) : (0.919278)) : (x<50 ? 0.925198:0.931477)) : (x<80 ? (x<70 ? 0.89636:0.95083) : (x<100 ? 0.952759:0.957101))) : (x<400 ? (x<260 ? (x<210 ? (x<160 ? 0.967577:0.979183) : (0.981015)) : (x<320 ? 1.0033:0.995218)) : (x<670 ? (x<500 ? 0.993392:0.98041) : (x<800 ? 0.948524:0)))" 
0, fastsim, down, 1, -2.4, 2.4, 20, 800, 0, 1, "x<120 ? (x<60 ? (x<40 ? (x<30 ? (x<20 ? 0:0.888817) : (0.775927)) : (x<50 ? 0.809275:0.714418)) : (x<80 ? (x<70 ? 0.886543:0.926868) : (x<100 ? 0.740275:0.831374))) : (x<400 ? (x<260 ? (x<210 ? (x<160 ? 0.965795:1.00734) : (1.07044)) : (x<320 ? 0.641282:1.04926)) : (x<670 ? (x<500 ? 1.1131:0.723022) : (x<800 ? 0.57692:0)))" 
0, fastsim, down, 2, -2.4, 2.4, 20, 800, 0, 1, "x<120 ? (x<60 ? (x<40 ? (x<30 ? (x<20 ? 0:0.968312) : (1.03057)) : (x<50 ? 0.990016:0.996781)) : (x<80 ? (x<70 ? 1.02626:0.827822) : (x<100 ? 1.01703:1.05568))) : (x<400 ? (x<260 ? (x<210 ? (x<160 ? 1.24039:1.12975) : (1.32041)) : (x<320 ? 1.67168:1.45507)) : (x<670 ? (x<500 ? 1.33171:1.89328) : (x<800 ? 1.43575:0)))" 
0, fastsim, down, 0, -2.4, 2.4, 20, 800, 0, 1, "x<120 ? (x<60 ? (x<40 ? (x<30 ? (x<20 ? 0:0.932045) : (0.947272)) : (x<50 ? 0.958863:0.965499)) : (x<80 ? (x<70 ? 0.960129:0.9673) : (x<100 ? 0.967963:0.965341))) : (x<400 ? (x<260 ? (x<210 ? (x<160 ? 0.969318:0.972761) : (0.965665)) : (x<320 ? 0.943854:0.933118)) : (x<670 ? (x<500 ? 0.896156:0.917706) : (x<800 ? 0.814884:0)))" 
0, fastsim, down, 1, -2.4, 2.4, 20, 800, 0, 1, "x<120 ? (x<60 ? (x<40 ? (x<30 ? (x<20 ? 0:0.93137) : (0.931836)) : (x<50 ? 0.919898:0.950566)) : (x<80 ? (x<70 ? 0.942662:0.979211) : (x<100 ? 0.94435:0.954551))) : (x<400 ? (x<260 ? (x<210 ? (x<160 ? 0.96451:0.939834) : (0.972051)) : (x<320 ? 0.895651:1.07481)) : (x<670 ? (x<500 ? 1.13252:0.969168) : (x<800 ? 0.710091:0)))" 
0, fastsim, down, 2, -2.4, 2.4, 20, 800, 0, 1, "x<120 ? (x<60 ? (x<40 ? (x<30 ? (x<20 ? 0:1.10597) : (1.09488)) : (x<50 ? 1.12132:1.08295)) : (x<80 ? (x<70 ? 1.10015:1.1033) : (x<100 ? 1.10129:1.1754))) : (x<400 ? (x<260 ? (x<210 ? (x<160 ? 1.15237:1.36725) : (1.39275)) : (x<320 ? 1.53149:1.52637)) : (x<670 ? (x<500 ? 1.39498:1.50528) : (x<800 ? 1.55447:0)))" 
0, fastsim, down, 0, -2.4, 2.4, 20, 800, 0, 1, "x<120 ? (x<60 ? (x<40 ? (x<30 ? (x<20 ? 0:0.920972) : (0.936866)) : (x<50 ? 0.94776:0.951023)) : (x<80 ? (x<70 ? 0.952581:0.953147) : (x<100 ? 0.970183:0.959532))) : (x<400 ? (x<260 ? (x<210 ? (x<160 ? 0.975268:0.979548) : (0.982538)) : (x<320 ? 0.981977:0.990522)) : (x<670 ? (x<500 ? 0.98839:0.994009) : (x<800 ? 0.989095:0)))" 
0, fastsim, down, 1, -2.4, 2.4, 20, 800, 0, 1, "x<120 ? (x<60 ? (x<40 ? (x<30 ? (x<20 ? 0:0.945845) : (0.942653)) : (x<50 ? 0.923432:0.969446)) : (x<80 ? (x<70 ? 0.956516:0.916452) : (x<100 ? 0.938118:0.953933))) : (x<400 ? (x<260 ? (x<210 ? (x<160 ? 0.96086:1.0126) : (0.988855)) : (x<320 ? 0.974627:1.0172)) : (x<670 ? (x<500 ? 1.01904:1.09581) : (x<800 ? 1.11109:0)))" 
0, fastsim, down, 2, -2.4, 2.4, 20, 800, 0, 1, "x<120 ? (x<60 ? (x<40 ? (x<30 ? (x<20 ? 0:1.07693) : (1.0898)) : (x<50 ? 1.06324:1.1168)) : (x<80 ? (x<70 ? 1.1535:1.07067) : (x<100 ? 1.08823:1.1527))) : (x<400 ? (x<260 ? (x<210 ? (x<160 ? 1.15593:1.25262) : (1.2669)) : (x<320 ? 1.25091:1.24274)) : (x<670 ? (x<500 ? 1.46684:1.48602) : (x<800 ? 1.56917:0)))" 
0, fastsim, up, 0, -2.4, 2.4, 20, 800, 0, 1, "x<120 ? (x<60 ? (x<40 ? (x<30 ? (x<20 ? 0:0.947153) : (0.97066)) : (x<50 ? 0.977315:0.987537)) : (x<80 ? (x<70 ? 0.987694:0.983953) : (x<100 ? 0.98618:0.992764))) : (x<400 ? (x<260 ? (x<210 ? (x<160 ? 0.994942:1.03985) : (1.02289)) : (x<320 ? 1.10863:1.11527)) : (x<670 ? (x<500 ? 1.05961:1.35244) : (x<800 ? 1.20189:0)))" 
0, fastsim, up, 1, -2.4, 2.4, 20, 800, 0, 1, "x<120 ? (x<60 ? (x<40 ? (x<30 ? (x<20 ? 0:0.944505) : (0.992528)) : (x<50 ? 1.05224:1.04187)) : (x<80 ? (x<70 ? 1.1825:1.20913) : (x<100 ? 1.0677:1.07091))) : (x<400 ? (x<260 ? (x<210 ? (x<160 ? 1.18146:1.4683) : (1.1888)) : (x<320 ? 1.31044:1.35408)) : (x<670 ? (x<500 ? 1.50346:1.69338) : (x<800 ? 1.70447:0)))" 
0, fastsim, up, 2, -2.4, 2.4, 20, 800, 0, 1, "x<120 ? (x<60 ? (x<40 ? (x<30 ? (x<20 ? 0:1.12834) : (1.1352)) : (x<50 ? 1.11385:1.18131)) : (x<80 ? (x<70 ? 1.22621:1.07173) : (x<100 ? 1.24998:1.32751))) : (x<400 ? (x<260 ? (x<210 ? (x<160 ? 1.39632:1.4569) : (1.81416)) : (x<320 ? 1.66515:1.8957)) : (x<670 ? (x<500 ? 1.91138:1.92928) : (x<800 ? 2.2487:0)))" 
0, fastsim, up, 0, -2.4, 2.4, 20, 800, 0, 1, "x<120 ? (x<60 ? (x<40 ? (x<30 ? (x<20 ? 0:1.00363) : (1.00494)) : (x<50 ? 1.00898:1.01456)) : (x<80 ? (x<70 ? 0.976742:1.03289) : (x<100 ? 1.00973:1.01297))) : (x<400 ? (x<260 ? (x<210 ? (x<160 ? 1.00612:1.01289) : (1.01438)) : (x<320 ? 1.03516:1.02365)) : (x<670 ? (x<500 ? 1.02097:1.0061) : (x<800 ? 0.98769:0)))" 
0, fastsim, up, 1, -2.4, 2.4, 20, 800, 0, 1, "x<120 ? (x<60 ? (x<40 ? (x<30 ? (x<20 ? 0:1.05504) : (0.940148)) : (x<50 ? 1.01937:0.928293)) : (x<80 ? (x<70 ? 1.20094:1.29641) : (x<100 ? 0.980683:1.16645))) : (x<400 ? (x<260 ? (x<210 ? (x<160 ? 1.27845:1.40421) : (1.62172)) : (x<320 ? 1.0022:1.73589)) : (x<670 ? (x<500 ? 2.04321:1.42449) : (x<800 ? 2.4453:0)))" 
0, fastsim, up, 2, -2.4, 2.4, 20, 800, 0, 1, "x<120 ? (x<60 ? (x<40 ? (x<30 ? (x<20 ? 0:1.10654) : (1.19218)) : (x<50 ? 1.18072:1.23888)) : (x<80 ? (x<70 ? 1.29332:1.08782) : (x<100 ? 1.25086:1.34025))) : (x<400 ? (x<260 ? (x<210 ? (x<160 ? 1.49394:1.36203) : (1.65532)) : (x<320 ? 2.12834:1.87493)) : (x<670 ? (x<500 ? 1.7381:2.57169) : (x<800 ? 2.36661:0)))" 
0, fastsim, up, 0, -2.4, 2.4, 20, 800, 0, 1, "x<120 ? (x<60 ? (x<40 ? (x<30 ? (x<20 ? 0:0.952078) : (0.965439)) : (x<50 ? 0.977204:0.984587)) : (x<80 ? (x<70 ? 0.980165:0.989056) : (x<100 ? 0.985565:0.9869))) : (x<400 ? (x<260 ? (x<210 ? (x<160 ? 0.99032:1.00346) : (1.01651)) : (x<320 ? 1.01745:1.04352)) : (x<670 ? (x<500 ? 1.06381:1.15502) : (x<800 ? 1.25552:0)))" 
0, fastsim, up, 1, -2.4, 2.4, 20, 800, 0, 1, "x<120 ? (x<60 ? (x<40 ? (x<30 ? (x<20 ? 0:0.970126) : (0.967862)) : (x<50 ? 0.957857:0.992216)) : (x<80 ? (x<70 ? 0.988395:1.03054) : (x<100 ? 0.985474:1.00691))) : (x<400 ? (x<260 ? (x<210 ? (x<160 ? 1.01568:1.01282) : (1.10097)) : (x<320 ? 1.06728:1.37211)) : (x<670 ? (x<500 ? 1.59465:1.44409) : (x<800 ? 1.39593:0)))" 
0, fastsim, up, 2, -2.4, 2.4, 20, 800, 0, 1, "x<120 ? (x<60 ? (x<40 ? (x<30 ? (x<20 ? 0:1.1541) : (1.13907)) : (x<50 ? 1.17378:1.13888)) : (x<80 ? (x<70 ? 1.16736:1.17931) : (x<100 ? 1.16422:1.26365))) : (x<400 ? (x<260 ? (x<210 ? (x<160 ? 1.23316:1.49531) : (1.58216)) : (x<320 ? 1.77102:1.80102)) : (x<670 ? (x<500 ? 1.69278:1.84922) : (x<800 ? 2.15875:0)))" 
0, fastsim, up, 0, -2.4, 2.4, 20, 800, 0, 1, "x<120 ? (x<60 ? (x<40 ? (x<30 ? (x<20 ? 0:0.956049) : (0.96978)) : (x<50 ? 0.981195:0.984752)) : (x<80 ? (x<70 ? 0.98675:0.988089) : (x<100 ? 0.995913:0.986365))) : (x<400 ? (x<260 ? (x<210 ? (x<160 ? 0.996138:1.00118) : (1.0082)) : (x<320 ? 1.00989:1.02019)) : (x<670 ? (x<500 ? 1.01953:1.02304) : (x<800 ? 1.0301:0)))" 
0, fastsim, up, 1, -2.4, 2.4, 20, 800, 0, 1, "x<120 ? (x<60 ? (x<40 ? (x<30 ? (x<20 ? 0:1.0112) : (1.00395)) : (x<50 ? 0.98657:1.03835)) : (x<80 ? (x<70 ? 1.02722:0.986825) : (x<100 ? 0.992062:1.01438))) : (x<400 ? (x<260 ? (x<210 ? (x<160 ? 1.00965:1.06805) : (1.05667)) : (x<320 ? 1.05066:1.09841)) : (x<670 ? (x<500 ? 1.0912:1.17203) : (x<800 ? 1.25423:0)))" 
0, fastsim, up, 2, -2.4, 2.4, 20, 800, 0, 1, "x<120 ? (x<60 ? (x<40 ? (x<30 ? (x<20 ? 0:1.14509) : (1.15296)) : (x<50 ? 1.13275:1.19391)) : (x<80 ? (x<70 ? 1.24262:1.15798) : (x<100 ? 1.15628:1.23405))) : (x<400 ? (x<260 ? (x<210 ? (x<160 ? 1.22063:1.32806) : (1.36035)) : (x<320 ? 1.3593:1.35935)) : (x<670 ? (x<500 ? 1.60968:1.63461) : (x<800 ? 1.84193:0)))" 
1, fastsim, central, 0, -2.4, 2.4, 20, 800, 0, 1, "x<120 ? (x<60 ? (x<40 ? (x<30 ? (x<20 ? 0:0.914582) : (0.943678)) : (x<50 ? 0.943273:0.953271)) : (x<80 ? (x<70 ? 0.944071:0.944119) : (x<100 ? 0.944138:0.941159))) : (x<400 ? (x<260 ? (x<210 ? (x<160 ? 0.929067:0.954589) : (0.906373)) : (x<320 ? 1.05691:0.899119)) : (x<670 ? (x<500 ? 0.797488:1.07735) : (x<800 ? 0.944602:0)))" 
1, fastsim, central, 1, -2.4, 2.4, 20, 800, 0, 1, "x<120 ? (x<60 ? (x<40 ? (x<30 ? (x<20 ? 0:0.961093) : (0.980473)) : (x<50 ? 1.08836:0.627942)) : (x<80 ? (x<70 ? 0.964634:1.15612) : (x<100 ? 0.92018:0.632489))) : (x<400 ? (x<260 ? (x<210 ? (x<160 ? 1.05037:1.30819) : (1.12511)) : (x<320 ? 0.997712:1.02389)) : (x<670 ? (x<500 ? 0.618785:1.0828) : (x<800 ? 2.56:0)))" 
1, fastsim, central, 2, -2.4, 2.4, 20, 800, 0, 1, "x<120 ? (x<60 ? (x<40 ? (x<30 ? (x<20 ? 0:1.06269) : (1.20775)) : (x<50 ? 1.57092:2.19555)) : (x<80 ? (x<70 ? 1.34368:0.783367) : (x<100 ? 1.31671:1.30952))) : (x<400 ? (x<260 ? (x<210 ? (x<160 ? 1.65489:1.96697) : (2.60531)) : (x<320 ? 2.27968:7.16123)) : (x<670 ? (x<500 ? 2.54294:2.78371) : (x<800 ? 3.78926:0)))" 
1, fastsim, central, 0, -2.4, 2.4, 20, 800, 0, 1, "x<120 ? (x<60 ? (x<40 ? (x<30 ? (x<20 ? 0:0.922054) : (0.944585)) : (x<50 ? 0.931413:0.975141)) : (x<80 ? (x<70 ? 0.914799:0.972738) : (x<100 ? 0.953167:0.943543))) : (x<400 ? (x<260 ? (x<210 ? (x<160 ? 0.956874:0.985402) : (0.964712)) : (x<320 ? 0.97685:0.969378)) : (x<670 ? (x<500 ? 0.925256:0.872931) : (x<800 ? 0.827985:0)))" 
1, fastsim, central, 1, -2.4, 2.4, 20, 800, 0, 1, "x<120 ? (x<60 ? (x<40 ? (x<30 ? (x<20 ? 0:1.05459) : (1.08567)) : (x<50 ? 1.24155:0.883344)) : (x<80 ? (x<70 ? 1.30922:0.916178) : (x<100 ? 1.08423:0.95952))) : (x<400 ? (x<260 ? (x<210 ? (x<160 ? 1.26872:0.830904) : (1.81659)) : (x<320 ? 0.77038:1.06671)) : (x<670 ? (x<500 ? 0.913669:2.65882) : (x<800 ? 1.88889:0)))" 
1, fastsim, central, 2, -2.4, 2.4, 20, 800, 0, 1, "x<120 ? (x<60 ? (x<40 ? (x<30 ? (x<20 ? 0:1.37771) : (1.12745)) : (x<50 ? 1.25684:1.72287)) : (x<80 ? (x<70 ? 1.19589:1.91564) : (x<100 ? 1.92635:1.72111))) : (x<400 ? (x<260 ? (x<210 ? (x<160 ? 2.65923:1.28628) : (2.57781)) : (x<320 ? 1.91744:1.33905)) : (x<670 ? (x<500 ? 0.98846:2.88193) : (x<800 ? 3.12081:0)))" 
1, fastsim, central, 0, -2.4, 2.4, 20, 800, 0, 1, "x<120 ? (x<60 ? (x<40 ? (x<30 ? (x<20 ? 0:0.921091) : (0.928977)) : (x<50 ? 0.945254:0.952596)) : (x<80 ? (x<70 ? 0.946276:0.951362) : (x<100 ? 0.947322:0.951479))) : (x<400 ? (x<260 ? (x<210 ? (x<160 ? 0.949104:0.959574) : (0.948824)) : (x<320 ? 0.914379:0.949685)) : (x<670 ? (x<500 ? 0.940871:0.915806) : (x<800 ? 0.78183:0)))" 
1, fastsim, central, 1, -2.4, 2.4, 20, 800, 0, 1, "x<120 ? (x<60 ? (x<40 ? (x<30 ? (x<20 ? 0:0.937128) : (0.965658)) : (x<50 ? 0.930882:0.94297)) : (x<80 ? (x<70 ? 0.95456:0.955273) : (x<100 ? 0.92742:0.946998))) : (x<400 ? (x<260 ? (x<210 ? (x<160 ? 0.936945:0.943709) : (0.959987)) : (x<320 ? 1.10132:1.34416)) : (x<670 ? (x<500 ? 1.55838:0.945736) : (x<800 ? 1.71687:0)))" 
1, fastsim, central, 2, -2.4, 2.4, 20, 800, 0, 1, "x<120 ? (x<60 ? (x<40 ? (x<30 ? (x<20 ? 0:1.1557) : (1.11523)) : (x<50 ? 1.17521:1.22478)) : (x<80 ? (x<70 ? 1.27726:1.19809) : (x<100 ? 1.23096:1.53103))) : (x<400 ? (x<260 ? (x<210 ? (x<160 ? 1.72523:1.78598) : (1.67255)) : (x<320 ? 2.13955:4.20619)) : (x<670 ? (x<500 ? 1.97503:2.67772) : (x<800 ? 3.08915:0)))" 
1, fastsim, central, 0, -2.4, 2.4, 20, 800, 0, 1, "x<120 ? (x<60 ? (x<40 ? (x<30 ? (x<20 ? 0:0.906155) : (0.922136)) : (x<50 ? 0.925511:0.943022)) : (x<80 ? (x<70 ? 0.948756:0.945759) : (x<100 ? 0.949488:0.944536))) : (x<400 ? (x<260 ? (x<210 ? (x<160 ? 0.959118:0.960719) : (0.958958)) : (x<320 ? 0.960698:0.973805)) : (x<670 ? (x<500 ? 0.942462:0.918637) : (x<800 ? 0.934314:0)))" 
1, fastsim, central, 1, -2.4, 2.4, 20, 800, 0, 1, "x<120 ? (x<60 ? (x<40 ? (x<30 ? (x<20 ? 0:0.962879) : (0.978701)) : (x<50 ? 0.950707:1.02411)) : (x<80 ? (x<70 ? 0.964147:0.939884) : (x<100 ? 0.976627:0.986516))) : (x<400 ? (x<260 ? (x<210 ? (x<160 ? 0.946341:1.00062) : (0.97227)) : (x<320 ? 0.966081:1.07155)) : (x<670 ? (x<500 ? 1.05711:1.12431) : (x<800 ? 1.0212:0)))" 
1, fastsim, central, 2, -2.4, 2.4, 20, 800, 0, 1, "x<120 ? (x<60 ? (x<40 ? (x<30 ? (x<20 ? 0:1.14136) : (1.18402)) : (x<50 ? 1.25205:1.42684)) : (x<80 ? (x<70 ? 1.11429:1.14346) : (x<100 ? 1.22426:1.25364))) : (x<400 ? (x<260 ? (x<210 ? (x<160 ? 1.15485:1.4536) : (1.43743)) : (x<320 ? 1.78318:1.77076)) : (x<670 ? (x<500 ? 2.27964:2.29801) : (x<800 ? 2.55457:0)))" 
1, fastsim, down, 0, -2.4, 2.4, 20, 800, 0, 1, "x<120 ? (x<60 ? (x<40 ? (x<30 ? (x<20 ? 0:0.905876) : (0.934955)) : (x<50 ? 0.933562:0.942172)) : (x<80 ? (x<70 ? 0.931272:0.928971) : (x<100 ? 0.930244:0.920867))) : (x<400 ? (x<260 ? (x<210 ? (x<160 ? 0.905067:0.907303) : (0.82619)) : (x<320 ? 0.933675:0.776419)) : (x<670 ? (x<500 ? 0.668917:0.874335) : (x<800 ? 0.620084:0)))" 
1, fastsim, down, 1, -2.4, 2.4, 20, 800, 0, 1, "x<120 ? (x<60 ? (x<40 ? (x<30 ? (x<20 ? 0:0.874755) : (0.876136)) : (x<50 ? 0.929282:0.51017)) : (x<80 ? (x<70 ? 0.763907:0.86923) : (x<100 ? 0.746199:0.493627))) : (x<400 ? (x<260 ? (x<210 ? (x<160 ? 0.848398:1.01399) : (0.79393)) : (x<320 ? 0.668938:0.633898)) : (x<670 ? (x<500 ? 0.333242:0.446261) : (x<800 ? -0.612361:0)))" 
1, fastsim, down, 2, -2.4, 2.4, 20, 800, 0, 1, "x<120 ? (x<60 ? (x<40 ? (x<30 ? (x<20 ? 0:0.935723) : (1.02311)) : (x<50 ? 1.17958:1.60163)) : (x<80 ? (x<70 ? 0.927115:0.541945) : (x<100 ? 0.960107:0.909758))) : (x<400 ? (x<260 ? (x<210 ? (x<160 ? 1.23559:1.46471) : (1.6804)) : (x<320 ? 1.65289:4.26711)) : (x<670 ? (x<500 ? 1.67041:1.88118) : (x<800 ? 1.63035:0)))" 
1, fastsim, down, 0, -2.4, 2.4, 20, 800, 0, 1, "x<120 ? (x<60 ? (x<40 ? (x<30 ? (x<20 ? 0:0.873354) : (0.899227)) : (x<50 ? 0.887667:0.93026)) : (x<80 ? (x<70 ? 0.872508:0.929456) : (x<100 ? 0.92343:0.914628))) : (x<400 ? (x<260 ? (x<210 ? (x<160 ? 0.936714:0.967291) : (0.94706)) : (x<320 ? 0.959976:0.954138)) : (x<670 ? (x<500 ? 0.910665:0.859366) : (x<800 ? 0.806543:0)))" 
1, fastsim, down, 1, -2.4, 2.4, 20, 800, 0, 1, "x<120 ? (x<60 ? (x<40 ? (x<30 ? (x<20 ? 0:0.916813) : (0.926056)) : (x<50 ? 1.00266:0.698348)) : (x<80 ? (x<70 ? 0.972856:0.639582) : (x<100 ? 0.828167:0.656923))) : (x<400 ? (x<260 ? (x<210 ? (x<160 ? 0.968177:0.597107) : (1.14185)) : (x<320 ? 0.46556:0.612234)) : (x<670 ? (x<500 ? 0.41258:0.324785) : (x<800 ? -0.468206:0)))" 
1, fastsim, down, 2, -2.4, 2.4, 20, 800, 0, 1, "x<120 ? (x<60 ? (x<40 ? (x<30 ? (x<20 ? 0:1.1757) : (0.922148)) : (x<50 ? 0.945315:1.0682)) : (x<80 ? (x<70 ? 0.762483:1.13048) : (x<100 ? 1.26065:1.00172))) : (x<400 ? (x<260 ? (x<210 ? (x<160 ? 1.67216:0.917833) : (1.6088)) : (x<320 ? 1.22528:0.864227)) : (x<670 ? (x<500 ? 0.573271:1.37356) : (x<800 ? 0.560131:0)))" 
1, fastsim, down, 0, -2.4, 2.4, 20, 800, 0, 1, "x<120 ? (x<60 ? (x<40 ? (x<30 ? (x<20 ? 0:0.910345) : (0.919487)) : (x<50 ? 0.935623:0.942616)) : (x<80 ? (x<70 ? 0.935813:0.940067) : (x<100 ? 0.938183:0.940199))) : (x<400 ? (x<260 ? (x<210 ? (x<160 ? 0.938122:0.943455) : (0.922056)) : (x<320 ? 0.876149:0.888573)) : (x<670 ? (x<500 ? 0.846213:0.78681) : (x<800 ? 0.562176:0)))" 
1, fastsim, down, 1, -2.4, 2.4, 20, 800, 0, 1, "x<120 ? (x<60 ? (x<40 ? (x<30 ? (x<20 ? 0:0.907636) : (0.937841)) : (x<50 ? 0.900887:0.910658)) : (x<80 ? (x<70 ? 0.918501:0.916706) : (x<100 ? 0.896232:0.906221))) : (x<400 ? (x<260 ? (x<210 ? (x<160 ? 0.89763:0.886837) : (0.859059)) : (x<320 ? 0.938482:1.03238)) : (x<670 ? (x<500 ? 1.03177:0.565296) : (x<800 ? 0.579009:0)))" 
1, fastsim, down, 2, -2.4, 2.4, 20, 800, 0, 1, "x<120 ? (x<60 ? (x<40 ? (x<30 ? (x<20 ? 0:1.09458) : (1.05553)) : (x<50 ? 1.0909:1.12399)) : (x<80 ? (x<70 ? 1.15358:1.06469) : (x<100 ? 1.12269:1.3345))) : (x<400 ? (x<260 ? (x<210 ? (x<160 ? 1.53897:1.54382) : (1.35762)) : (x<320 ? 1.63846:3.02845)) : (x<670 ? (x<500 ? 1.38195:1.80353) : (x<800 ? 1.48518:0)))" 
1, fastsim, down, 0, -2.4, 2.4, 20, 800, 0, 1, "x<120 ? (x<60 ? (x<40 ? (x<30 ? (x<20 ? 0:0.887531) : (0.904986)) : (x<50 ? 0.908155:0.925345)) : (x<80 ? (x<70 ? 0.930785:0.927469) : (x<100 ? 0.936159:0.930565))) : (x<400 ? (x<260 ? (x<210 ? (x<160 ? 0.948227:0.94944) : (0.945587)) : (x<320 ? 0.945963:0.957881)) : (x<670 ? (x<500 ? 0.925987:0.903469) : (x<800 ? 0.912213:0)))" 
1, fastsim, down, 1, -2.4, 2.4, 20, 800, 0, 1, "x<120 ? (x<60 ? (x<40 ? (x<30 ? (x<20 ? 0:0.913528) : (0.932154)) : (x<50 ? 0.900615:0.967472)) : (x<80 ? (x<70 ? 0.909736:0.884654) : (x<100 ? 0.933385:0.939672))) : (x<400 ? (x<260 ? (x<210 ? (x<160 ? 0.909252:0.960253) : (0.921984)) : (x<320 ? 0.908884:1.00378)) : (x<670 ? (x<500 ? 0.997266:1.06091) : (x<800 ? 0.917498:0)))" 
1, fastsim, down, 2, -2.4, 2.4, 20, 800, 0, 1, "x<120 ? (x<60 ? (x<40 ? (x<30 ? (x<20 ? 0:1.06584) : (1.10484)) : (x<50 ? 1.14082:1.28474)) : (x<80 ? (x<70 ? 0.989996:1.01149) : (x<100 ? 1.11236:1.12872))) : (x<400 ? (x<260 ? (x<210 ? (x<160 ? 1.06382:1.33427) : (1.29104)) : (x<320 ? 1.56883:1.5414)) : (x<670 ? (x<500 ? 1.95826:1.96618) : (x<800 ? 1.95751:0)))" 
1, fastsim, up, 0, -2.4, 2.4, 20, 800, 0, 1, "x<120 ? (x<60 ? (x<40 ? (x<30 ? (x<20 ? 0:0.923287) : (0.952401)) : (x<50 ? 0.952983:0.964371)) : (x<80 ? (x<70 ? 0.956871:0.959267) : (x<100 ? 0.958031:0.961451))) : (x<400 ? (x<260 ? (x<210 ? (x<160 ? 0.953068:1.00188) : (0.986555)) : (x<320 ? 1.18015:1.02182)) : (x<670 ? (x<500 ? 0.926059:1.28036) : (x<800 ? 1.26912:0)))" 
1, fastsim, up, 1, -2.4, 2.4, 20, 800, 0, 1, "x<120 ? (x<60 ? (x<40 ? (x<30 ? (x<20 ? 0:1.04743) : (1.08481)) : (x<50 ? 1.24743:0.745713)) : (x<80 ? (x<70 ? 1.16536:1.44301) : (x<100 ? 1.09416:0.771351))) : (x<400 ? (x<260 ? (x<210 ? (x<160 ? 1.25235:1.60239) : (1.45629)) : (x<320 ? 1.32648:1.41388)) : (x<670 ? (x<500 ? 0.904327:1.71934) : (x<800 ? 5.73236:0)))" 
1, fastsim, up, 2, -2.4, 2.4, 20, 800, 0, 1, "x<120 ? (x<60 ? (x<40 ? (x<30 ? (x<20 ? 0:1.18965) : (1.39239)) : (x<50 ? 1.96226:2.78948)) : (x<80 ? (x<70 ? 1.76025:1.02479) : (x<100 ? 1.67332:1.70929))) : (x<400 ? (x<260 ? (x<210 ? (x<160 ? 2.07418:2.46922) : (3.53022)) : (x<320 ? 2.90647:10.0553)) : (x<670 ? (x<500 ? 3.41547:3.68624) : (x<800 ? 5.94816:0)))" 
1, fastsim, up, 0, -2.4, 2.4, 20, 800, 0, 1, "x<120 ? (x<60 ? (x<40 ? (x<30 ? (x<20 ? 0:0.970755) : (0.989944)) : (x<50 ? 0.975158:1.02002)) : (x<80 ? (x<70 ? 0.95709:1.01602) : (x<100 ? 0.982905:0.972458))) : (x<400 ? (x<260 ? (x<210 ? (x<160 ? 0.977034:1.00351) : (0.982364)) : (x<320 ? 0.993723:0.984617)) : (x<670 ? (x<500 ? 0.939848:0.886496) : (x<800 ? 0.849427:0)))" 
1, fastsim, up, 1, -2.4, 2.4, 20, 800, 0, 1, "x<120 ? (x<60 ? (x<40 ? (x<30 ? (x<20 ? 0:1.19236) : (1.24529)) : (x<50 ? 1.48044:1.06834)) : (x<80 ? (x<70 ? 1.64559:1.19277) : (x<100 ? 1.34029:1.26212))) : (x<400 ? (x<260 ? (x<210 ? (x<160 ? 1.56926:1.0647) : (2.49133)) : (x<320 ? 1.0752:1.52118)) : (x<670 ? (x<500 ? 1.41476:4.99286) : (x<800 ? 4.24598:0)))" 
1, fastsim, up, 2, -2.4, 2.4, 20, 800, 0, 1, "x<120 ? (x<60 ? (x<40 ? (x<30 ? (x<20 ? 0:1.57972) : (1.33276)) : (x<50 ? 1.56836:2.37754)) : (x<80 ? (x<70 ? 1.62929:2.7008) : (x<100 ? 2.59206:2.44051))) : (x<400 ? (x<260 ? (x<210 ? (x<160 ? 3.6463:1.65474) : (3.54683)) : (x<320 ? 2.60961:1.81387)) : (x<670 ? (x<500 ? 1.40365:4.39031) : (x<800 ? 5.68148:0)))" 
1, fastsim, up, 0, -2.4, 2.4, 20, 800, 0, 1, "x<120 ? (x<60 ? (x<40 ? (x<30 ? (x<20 ? 0:0.931837) : (0.938468)) : (x<50 ? 0.954886:0.962575)) : (x<80 ? (x<70 ? 0.956738:0.962658) : (x<100 ? 0.956462:0.962759))) : (x<400 ? (x<260 ? (x<210 ? (x<160 ? 0.960086:0.975693) : (0.975593)) : (x<320 ? 0.95261:1.0108)) : (x<670 ? (x<500 ? 1.03553:1.0448) : (x<800 ? 1.00148:0)))" 
1, fastsim, up, 1, -2.4, 2.4, 20, 800, 0, 1, "x<120 ? (x<60 ? (x<40 ? (x<30 ? (x<20 ? 0:0.96662) : (0.993475)) : (x<50 ? 0.960876:0.975282)) : (x<80 ? (x<70 ? 0.990618:0.993841) : (x<100 ? 0.958608:0.987775))) : (x<400 ? (x<260 ? (x<210 ? (x<160 ? 0.976261:1.00058) : (1.06092)) : (x<320 ? 1.26415:1.65594)) : (x<670 ? (x<500 ? 2.08499:1.32618) : (x<800 ? 2.85473:0)))" 
1, fastsim, up, 2, -2.4, 2.4, 20, 800, 0, 1, "x<120 ? (x<60 ? (x<40 ? (x<30 ? (x<20 ? 0:1.21682) : (1.17493)) : (x<50 ? 1.25952:1.32557)) : (x<80 ? (x<70 ? 1.40094:1.33148) : (x<100 ? 1.33923:1.72756))) : (x<400 ? (x<260 ? (x<210 ? (x<160 ? 1.91149:2.02814) : (1.98747)) : (x<320 ? 2.64064:5.38393)) : (x<670 ? (x<500 ? 2.56812:3.5519) : (x<800 ? 4.69312:0)))" 
1, fastsim, up, 0, -2.4, 2.4, 20, 800, 0, 1, "x<120 ? (x<60 ? (x<40 ? (x<30 ? (x<20 ? 0:0.924779) : (0.939286)) : (x<50 ? 0.942867:0.960698)) : (x<80 ? (x<70 ? 0.966727:0.964048) : (x<100 ? 0.962816:0.958507))) : (x<400 ? (x<260 ? (x<210 ? (x<160 ? 0.970009:0.971998) : (0.972328)) : (x<320 ? 0.975433:0.98973)) : (x<670 ? (x<500 ? 0.958938:0.933804) : (x<800 ? 0.956414:0)))" 
1, fastsim, up, 1, -2.4, 2.4, 20, 800, 0, 1, "x<120 ? (x<60 ? (x<40 ? (x<30 ? (x<20 ? 0:1.01223) : (1.02525)) : (x<50 ? 1.0008:1.08074)) : (x<80 ? (x<70 ? 1.01856:0.995114) : (x<100 ? 1.01987:1.03336))) : (x<400 ? (x<260 ? (x<210 ? (x<160 ? 0.983431:1.04098) : (1.02255)) : (x<320 ? 1.02328:1.13931)) : (x<670 ? (x<500 ? 1.11695:1.18771) : (x<800 ? 1.1249:0)))" 
1, fastsim, up, 2, -2.4, 2.4, 20, 800, 0, 1, "x<120 ? (x<60 ? (x<40 ? (x<30 ? (x<20 ? 0:1.21688) : (1.26321)) : (x<50 ? 1.36328:1.56895)) : (x<80 ? (x<70 ? 1.23859:1.27544) : (x<100 ? 1.33616:1.37856))) : (x<400 ? (x<260 ? (x<210 ? (x<160 ? 1.24589:1.57293) : (1.58381)) : (x<320 ? 1.99754:2.00011)) : (x<670 ? (x<500 ? 2.60102:2.62985) : (x<800 ? 3.15163:0)))" 
2, fastsim, central, 0, -2.4, 2.4, 20, 800, 0, 1, "x<120 ? (x<60 ? (x<40 ? (x<30 ? (x<20 ? 0:0.881274) : (0.896536)) : (x<50 ? 0.910823:0.914959)) : (x<80 ? (x<70 ? 0.903464:0.899343) : (x<100 ? 0.902761:0.881412))) : (x<400 ? (x<260 ? (x<210 ? (x<160 ? 0.874369:0.881989) : (0.790412)) : (x<320 ? 0.88807:0.767442)) : (x<670 ? (x<500 ? 0.537478:1.11507) : (x<800 ? 1.09375:0)))" 
2, fastsim, central, 1, -2.4, 2.4, 20, 800, 0, 1, "x<120 ? (x<60 ? (x<40 ? (x<30 ? (x<20 ? 0:0.922287) : (0.929513)) : (x<50 ? 1.14898:0.941912)) : (x<80 ? (x<70 ? 0.667824:1.07788) : (x<100 ? 0.77422:1.12662))) : (x<400 ? (x<260 ? (x<210 ? (x<160 ? 0.631177:2.15467) : (0.540052)) : (x<320 ? 0.236957:1.91126)) : (x<670 ? (x<500 ? 0.335175:1.0828) : (x<800 ? 0:0)))" 
2, fastsim, central, 2, -2.4, 2.4, 20, 800, 0, 1, "x<120 ? (x<60 ? (x<40 ? (x<30 ? (x<20 ? 0:0.867124) : (1.10067)) : (x<50 ? 0.237465:0.748483)) : (x<80 ? (x<70 ? 0:2.96855) : (x<100 ? 0:1.49286))) : (x<400 ? (x<260 ? (x<210 ? (x<160 ? 1.23131:1.28341) : (0)) : (x<320 ? 2.8876:10.812)) : (x<670 ? (x<500 ? 0:0) : (x<800 ? 0:0)))" 
2, fastsim, central, 0, -2.4, 2.4, 20, 800, 0, 1, "x<120 ? (x<60 ? (x<40 ? (x<30 ? (x<20 ? 0:0.903656) : (0.858724)) : (x<50 ? 0.946773:0.953225)) : (x<80 ? (x<70 ? 0.834439:0.919773) : (x<100 ? 0.911038:0.909767))) : (x<400 ? (x<260 ? (x<210 ? (x<160 ? 0.905496:0.921694) : (0.89492)) : (x<320 ? 0.899556:0.861734)) : (x<670 ? (x<500 ? 0.793278:0.69639) : (x<800 ? 0.677719:0)))" 
2, fastsim, central, 1, -2.4, 2.4, 20, 800, 0, 1, "x<120 ? (x<60 ? (x<40 ? (x<30 ? (x<20 ? 0:1.13368) : (1.00471)) : (x<50 ? 1.994:0.513347)) : (x<80 ? (x<70 ? 2.29114:0.239003) : (x<100 ? 1.10075:3.86207))) : (x<400 ? (x<260 ? (x<210 ? (x<160 ? 0.387255:0.830904) : (2.47717)) : (x<320 ? 0.256793:0)) : (x<670 ? (x<500 ? 1.82734:0) : (x<800 ? 0:0)))" 
2, fastsim, central, 2, -2.4, 2.4, 20, 800, 0, 1, "x<120 ? (x<60 ? (x<40 ? (x<30 ? (x<20 ? 0:0.997962) : (1.55793)) : (x<50 ? 0.368909:3.9898)) : (x<80 ? (x<70 ? 1.9697:0) : (x<100 ? 1.56516:0))) : (x<400 ? (x<260 ? (x<210 ? (x<160 ? 0:2.0213) : (6.18675)) : (x<320 ? 0:0.986667)) : (x<670 ? (x<500 ? 3.23496:1.02926) : (x<800 ? 0:0)))" 
2, fastsim, central, 0, -2.4, 2.4, 20, 800, 0, 1, "x<120 ? (x<60 ? (x<40 ? (x<30 ? (x<20 ? 0:0.893704) : (0.902373)) : (x<50 ? 0.912999:0.917045)) : (x<80 ? (x<70 ? 0.924556:0.907157) : (x<100 ? 0.904047:0.901274))) : (x<400 ? (x<260 ? (x<210 ? (x<160 ? 0.906941:0.911092) : (0.851388)) : (x<320 ? 0.875075:0.849427)) : (x<670 ? (x<500 ? 0.842976:0.852603) : (x<800 ? 0.80665:0)))" 
2, fastsim, central, 1, -2.4, 2.4, 20, 800, 0, 1, "x<120 ? (x<60 ? (x<40 ? (x<30 ? (x<20 ? 0:0.926237) : (1.02378)) : (x<50 ? 0.927894:0.909508)) : (x<80 ? (x<70 ? 0.918844:0.888717) : (x<100 ? 0.868142:0.986012))) : (x<400 ? (x<260 ? (x<210 ? (x<160 ? 0.860477:0.95189) : (0.991819)) : (x<320 ? 1.69269:0.800726)) : (x<670 ? (x<500 ? 1.62331:0.945736) : (x<800 ? 0:0)))" 
2, fastsim, central, 2, -2.4, 2.4, 20, 800, 0, 1, "x<120 ? (x<60 ? (x<40 ? (x<30 ? (x<20 ? 0:1.26171) : (1.07613)) : (x<50 ? 1.31669:1.74013)) : (x<80 ? (x<70 ? 1.60324:1.45955) : (x<100 ? 2.13966:2.1908))) : (x<400 ? (x<260 ? (x<210 ? (x<160 ? 1.57824:2.404) : (2.3936)) : (x<320 ? 1.328:3.05905)) : (x<670 ? (x<500 ? 7.12209:4.9729) : (x<800 ? 2.05944:0)))" 
2, fastsim, central, 0, -2.4, 2.4, 20, 800, 0, 1, "x<120 ? (x<60 ? (x<40 ? (x<30 ? (x<20 ? 0:0.847309) : (0.889331)) : (x<50 ? 0.888304:0.912849)) : (x<80 ? (x<70 ? 0.894046:0.901055) : (x<100 ? 0.908826:0.901846))) : (x<400 ? (x<260 ? (x<210 ? (x<160 ? 0.912589:0.911781) : (0.893672)) : (x<320 ? 0.898357:0.883838)) : (x<670 ? (x<500 ? 0.838619:0.781155) : (x<800 ? 0.847473:0)))" 
2, fastsim, central, 1, -2.4, 2.4, 20, 800, 0, 1, "x<120 ? (x<60 ? (x<40 ? (x<30 ? (x<20 ? 0:1.05003) : (0.960913)) : (x<50 ? 0.893332:0.984189)) : (x<80 ? (x<70 ? 0.941509:0.898715) : (x<100 ? 0.933267:1.04509))) : (x<400 ? (x<260 ? (x<210 ? (x<160 ? 0.951753:0.923815) : (0.968047)) : (x<320 ? 0.927284:0.953527)) : (x<670 ? (x<500 ? 0.804755:1.04783) : (x<800 ? 0.879092:0)))" 
2, fastsim, central, 2, -2.4, 2.4, 20, 800, 0, 1, "x<120 ? (x<60 ? (x<40 ? (x<30 ? (x<20 ? 0:0.93222) : (0.907101)) : (x<50 ? 1.3695:1.29836)) : (x<80 ? (x<70 ? 1.22167:1.42187) : (x<100 ? 1.6134:1.64522))) : (x<400 ? (x<260 ? (x<210 ? (x<160 ? 1.7234:1.55423) : (2.4636)) : (x<320 ? 2.0091:1.13771)) : (x<670 ? (x<500 ? 3.85731:3.49298) : (x<800 ? 4.59822:0)))" 
2, fastsim, down, 0, -2.4, 2.4, 20, 800, 0, 1, "x<120 ? (x<60 ? (x<40 ? (x<30 ? (x<20 ? 0:0.870914) : (0.886733)) : (x<50 ? 0.900165:0.902971)) : (x<80 ? (x<70 ? 0.889731:0.883199) : (x<100 ? 0.887885:0.859957))) : (x<400 ? (x<260 ? (x<210 ? (x<160 ? 0.848411:0.829362) : (0.699466)) : (x<320 ? 0.735483:0.622625)) : (x<670 ? (x<500 ? 0.411425:0.804694) : (x<800 ? 0.555515:0)))" 
2, fastsim, down, 1, -2.4, 2.4, 20, 800, 0, 1, "x<120 ? (x<60 ? (x<40 ? (x<30 ? (x<20 ? 0:0.745258) : (0.710066)) : (x<50 ? 0.806383:0.496054)) : (x<80 ? (x<70 ? 0.37633:0.516907) : (x<100 ? 0.472261:0.575853))) : (x<400 ? (x<260 ? (x<210 ? (x<160 ? 0.368147:0.662835) : (0.156282)) : (x<320 ? -0.0285994:0.248371)) : (x<670 ? (x<500 ? -0.0534478:-0.453195) : (x<800 ? 0:0)))" 
2, fastsim, down, 2, -2.4, 2.4, 20, 800, 0, 1, "x<120 ? (x<60 ? (x<40 ? (x<30 ? (x<20 ? 0:0.695178) : (0.710388)) : (x<50 ? -0.0280651:0.176599)) : (x<80 ? (x<70 ? 0:-0.46011) : (x<100 ? 0:0.129612))) : (x<400 ? (x<260 ? (x<210 ? (x<160 ? 0.404969:0.302814) : (0)) : (x<320 ? 0.960926:-0.485227)) : (x<670 ? (x<500 ? 0:0) : (x<800 ? 0:0)))" 
2, fastsim, down, 0, -2.4, 2.4, 20, 800, 0, 1, "x<120 ? (x<60 ? (x<40 ? (x<30 ? (x<20 ? 0:0.843709) : (0.809278)) : (x<50 ? 0.895221:0.903339)) : (x<80 ? (x<70 ? 0.790235:0.872775) : (x<100 ? 0.878505:0.877594))) : (x<400 ? (x<260 ? (x<210 ? (x<160 ? 0.883212:0.901672) : (0.875379)) : (x<320 ? 0.880651:0.844835)) : (x<670 ? (x<500 ? 0.776743:0.68118) : (x<800 ? 0.652341:0)))" 
2, fastsim, down, 1, -2.4, 2.4, 20, 800, 0, 1, "x<120 ? (x<60 ? (x<40 ? (x<30 ? (x<20 ? 0:0.809536) : (0.65038)) : (x<50 ? 1.17265:0.310078)) : (x<80 ? (x<70 ? 0.367:-0.028851) : (x<100 ? 0.56097:0.751166))) : (x<400 ? (x<260 ? (x<210 ? (x<160 ? 0.123858:0.323776) : (0.391083)) : (x<320 ? -0.0315395:0)) : (x<670 ? (x<500 ? -0.421898:0) : (x<800 ? 0:0)))" 
2, fastsim, down, 2, -2.4, 2.4, 20, 800, 0, 1, "x<120 ? (x<60 ? (x<40 ? (x<30 ? (x<20 ? 0:0.712141) : (0.929015)) : (x<50 ? 0.174553:-0.47245)) : (x<80 ? (x<70 ? -0.443556:0) : (x<100 ? 0.553844:0))) : (x<400 ? (x<260 ? (x<210 ? (x<160 ? 0:0.782057) : (-0.499439)) : (x<320 ? 0:0.180044)) : (x<670 ? (x<500 ? -0.503513:-0.427247) : (x<800 ? 0:0)))" 
2, fastsim, down, 0, -2.4, 2.4, 20, 800, 0, 1, "x<120 ? (x<60 ? (x<40 ? (x<30 ? (x<20 ? 0:0.880608) : (0.891334)) : (x<50 ? 0.902311:0.906123)) : (x<80 ? (x<70 ? 0.912975:0.894962) : (x<100 ? 0.894124:0.889004))) : (x<400 ? (x<260 ? (x<210 ? (x<160 ? 0.894719:0.892994) : (0.822007)) : (x<320 ? 0.829659:0.778074)) : (x<670 ? (x<500 ? 0.725868:0.688828) : (x<800 ? 0.515205:0)))" 
2, fastsim, down, 1, -2.4, 2.4, 20, 800, 0, 1, "x<120 ? (x<60 ? (x<40 ? (x<30 ? (x<20 ? 0:0.855711) : (0.95027)) : (x<50 ? 0.862889:0.839392)) : (x<80 ? (x<70 ? 0.845028:0.811529) : (x<100 ? 0.804357:0.891113))) : (x<400 ? (x<260 ? (x<210 ? (x<160 ? 0.778867:0.828459) : (0.762029)) : (x<320 ? 1.09068:0.450275)) : (x<670 ? (x<500 ? 0.431321:-0.394401) : (x<800 ? 0:0)))" 
2, fastsim, down, 2, -2.4, 2.4, 20, 800, 0, 1, "x<120 ? (x<60 ? (x<40 ? (x<30 ? (x<20 ? 0:1.11099) : (0.913121)) : (x<50 ? 1.05161:1.28666)) : (x<80 ? (x<70 ? 1.11015:0.988325) : (x<100 ? 1.51255:1.39286))) : (x<400 ? (x<260 ? (x<210 ? (x<160 ? 1.07275:1.54353) : (0.741199)) : (x<320 ? 0.610092:0.559941)) : (x<670 ? (x<500 ? -0.495235:-0.477106) : (x<800 ? 0.272433:0)))" 
2, fastsim, down, 0, -2.4, 2.4, 20, 800, 0, 1, "x<120 ? (x<60 ? (x<40 ? (x<30 ? (x<20 ? 0:0.825284) : (0.869469)) : (x<50 ? 0.869004:0.893242)) : (x<80 ? (x<70 ? 0.874793:0.881122) : (x<100 ? 0.89425:0.886516))) : (x<400 ? (x<260 ? (x<210 ? (x<160 ? 0.900655:0.899343) : (0.878956)) : (x<320 ? 0.881726:0.866018)) : (x<670 ? (x<500 ? 0.819616:0.763895) : (x<800 ? 0.821811:0)))" 
2, fastsim, down, 1, -2.4, 2.4, 20, 800, 0, 1, "x<120 ? (x<60 ? (x<40 ? (x<30 ? (x<20 ? 0:0.91536) : (0.851174)) : (x<50 ? 0.790474:0.861789)) : (x<80 ? (x<70 ? 0.831567:0.785688) : (x<100 ? 0.843369:0.937897))) : (x<400 ? (x<260 ? (x<210 ? (x<160 ? 0.871107:0.843162) : (0.865906)) : (x<320 ? 0.807805:0.821368)) : (x<670 ? (x<500 ? 0.697534:0.902952) : (x<800 ? 0.695954:0)))" 
2, fastsim, down, 2, -2.4, 2.4, 20, 800, 0, 1, "x<120 ? (x<60 ? (x<40 ? (x<30 ? (x<20 ? 0:0.812361) : (0.768782)) : (x<50 ? 1.08032:0.991848)) : (x<80 ? (x<70 ? 0.877659:0.940948) : (x<100 ? 1.23061:1.18834))) : (x<400 ? (x<260 ? (x<210 ? (x<160 ? 1.36619:1.24005) : (1.75238)) : (x<320 ? 1.34687:0.801466)) : (x<670 ? (x<500 ? 2.32117:1.85614) : (x<800 ? 2.02395:0)))" 
2, fastsim, up, 0, -2.4, 2.4, 20, 800, 0, 1, "x<120 ? (x<60 ? (x<40 ? (x<30 ? (x<20 ? 0:0.891635) : (0.906338)) : (x<50 ? 0.921481:0.926948)) : (x<80 ? (x<70 ? 0.917198:0.915488) : (x<100 ? 0.917637:0.902867))) : (x<400 ? (x<260 ? (x<210 ? (x<160 ? 0.900327:0.934615) : (0.881358)) : (x<320 ? 1.04066:0.912259)) : (x<670 ? (x<500 ? 0.66353:1.42544) : (x<800 ? 1.63198:0)))" 
2, fastsim, up, 1, -2.4, 2.4, 20, 800, 0, 1, "x<120 ? (x<60 ? (x<40 ? (x<30 ? (x<20 ? 0:1.09931) : (1.14896)) : (x<50 ? 1.49158:1.38777)) : (x<80 ? (x<70 ? 0.959318:1.63886) : (x<100 ? 1.07618:1.67739))) : (x<400 ? (x<260 ? (x<210 ? (x<160 ? 0.894207:3.64651) : (0.923822)) : (x<320 ? 0.502512:3.57415)) : (x<670 ? (x<500 ? 0.723798:2.6188) : (x<800 ? 0:0)))" 
2, fastsim, up, 2, -2.4, 2.4, 20, 800, 0, 1, "x<120 ? (x<60 ? (x<40 ? (x<30 ? (x<20 ? 0:1.03907) : (1.49096)) : (x<50 ? 0.502995:1.32037)) : (x<80 ? (x<70 ? 0:6.39721) : (x<100 ? 0:2.8561))) : (x<400 ? (x<260 ? (x<210 ? (x<160 ? 2.05766:2.26401) : (0)) : (x<320 ? 4.81426:22.1093)) : (x<670 ? (x<500 ? 0:0) : (x<800 ? 0:0)))" 
2, fastsim, up, 0, -2.4, 2.4, 20, 800, 0, 1, "x<120 ? (x<60 ? (x<40 ? (x<30 ? (x<20 ? 0:0.963602) : (0.90817)) : (x<50 ? 0.998324:1.00311)) : (x<80 ? (x<70 ? 0.878643:0.96677) : (x<100 ? 0.943571:0.941941))) : (x<400 ? (x<260 ? (x<210 ? (x<160 ? 0.92778:0.941717) : (0.914462)) : (x<320 ? 0.918461:0.878634)) : (x<670 ? (x<500 ? 0.809813:0.7116) : (x<800 ? 0.703096:0)))" 
2, fastsim, up, 1, -2.4, 2.4, 20, 800, 0, 1, "x<120 ? (x<60 ? (x<40 ? (x<30 ? (x<20 ? 0:1.45782) : (1.35903)) : (x<50 ? 2.81535:0.716616)) : (x<80 ? (x<70 ? 4.21528:0.506857) : (x<100 ? 1.64054:6.97297))) : (x<400 ? (x<260 ? (x<210 ? (x<160 ? 0.650651:1.33803) : (4.56325)) : (x<320 ? 0.545126:0)) : (x<670 ? (x<500 ? 4.07657:0) : (x<800 ? 0:0)))" 
2, fastsim, up, 2, -2.4, 2.4, 20, 800, 0, 1, "x<120 ? (x<60 ? (x<40 ? (x<30 ? (x<20 ? 0:1.28378) : (2.18685)) : (x<50 ? 0.563266:8.45204)) : (x<80 ? (x<70 ? 4.38295:0) : (x<100 ? 2.57648:0))) : (x<400 ? (x<260 ? (x<210 ? (x<160 ? 0:3.26055) : (12.8729)) : (x<320 ? 0:1.79329)) : (x<670 ? (x<500 ? 6.97343:2.48577) : (x<800 ? 0:0)))" 
2, fastsim, up, 0, -2.4, 2.4, 20, 800, 0, 1, "x<120 ? (x<60 ? (x<40 ? (x<30 ? (x<20 ? 0:0.906801) : (0.913411)) : (x<50 ? 0.923687:0.927967)) : (x<80 ? (x<70 ? 0.936136:0.919352) : (x<100 ? 0.91397:0.913545))) : (x<400 ? (x<260 ? (x<210 ? (x<160 ? 0.919164:0.92919) : (0.880769)) : (x<320 ? 0.92049:0.920781)) : (x<670 ? (x<500 ? 0.960085:1.01638) : (x<800 ? 1.0981:0)))" 
2, fastsim, up, 1, -2.4, 2.4, 20, 800, 0, 1, "x<120 ? (x<60 ? (x<40 ? (x<30 ? (x<20 ? 0:0.996763) : (1.09728)) : (x<50 ? 0.992899:0.979624)) : (x<80 ? (x<70 ? 0.992659:0.965906) : (x<100 ? 0.931927:1.08091))) : (x<400 ? (x<260 ? (x<210 ? (x<160 ? 0.942088:1.07532) : (1.22161)) : (x<320 ? 2.29471:1.15118)) : (x<670 ? (x<500 ? 2.81531:2.28587) : (x<800 ? 0:0)))" 
2, fastsim, up, 2, -2.4, 2.4, 20, 800, 0, 1, "x<120 ? (x<60 ? (x<40 ? (x<30 ? (x<20 ? 0:1.41244) : (1.23914)) : (x<50 ? 1.58176:2.1936)) : (x<80 ? (x<70 ? 2.09633:1.93077) : (x<100 ? 2.76677:2.98874))) : (x<400 ? (x<260 ? (x<210 ? (x<160 ? 2.08372:3.26447) : (4.046)) : (x<320 ? 2.0459:5.55815)) : (x<670 ? (x<500 ? 14.7394:10.4229) : (x<800 ? 3.84644:0)))" 
2, fastsim, up, 0, -2.4, 2.4, 20, 800, 0, 1, "x<120 ? (x<60 ? (x<40 ? (x<30 ? (x<20 ? 0:0.869334) : (0.909194)) : (x<50 ? 0.907603:0.932456)) : (x<80 ? (x<70 ? 0.913299:0.920988) : (x<100 ? 0.923401:0.917177))) : (x<400 ? (x<260 ? (x<210 ? (x<160 ? 0.924524:0.924219) : (0.908389)) : (x<320 ? 0.914988:0.901659)) : (x<670 ? (x<500 ? 0.857621:0.798415) : (x<800 ? 0.873136:0)))" 
2, fastsim, up, 1, -2.4, 2.4, 20, 800, 0, 1, "x<120 ? (x<60 ? (x<40 ? (x<30 ? (x<20 ? 0:1.1847) : (1.07065)) : (x<50 ? 0.996191:1.10659)) : (x<80 ? (x<70 ? 1.05145:1.01174) : (x<100 ? 1.02317:1.15228))) : (x<400 ? (x<260 ? (x<210 ? (x<160 ? 1.0324:1.00447) : (1.07019)) : (x<320 ? 1.04676:1.08569)) : (x<670 ? (x<500 ? 0.911976:1.19272) : (x<800 ? 1.06223:0)))" 
2, fastsim, up, 2, -2.4, 2.4, 20, 800, 0, 1, "x<120 ? (x<60 ? (x<40 ? (x<30 ? (x<20 ? 0:1.05208) : (1.04542)) : (x<50 ? 1.65869:1.60486)) : (x<80 ? (x<70 ? 1.56569:1.9028) : (x<100 ? 1.9962:2.1021))) : (x<400 ? (x<260 ? (x<210 ? (x<160 ? 2.08061:1.86841) : (3.17481)) : (x<320 ? 2.67132:1.47395)) : (x<670 ? (x<500 ? 5.39346:5.12982) : (x<800 ? 7.1725:0)))" 